site,elevation_m,rho_r,f,k,ci_profile,makespan_h,IT_energy_kWh,facility_energy_kWh,run_PUE,carbon_kg,carbon_t
Xining,2266.0,0.7998752790424368,0.6,1,qinghai,3.8889,1109.33,1297.43,1.16956,159.6,0.1596
Xining,2266.0,0.7998752790424368,0.6,1,coal,3.8889,1109.33,1297.43,1.16956,943.4,0.9434
Xining,2266.0,0.7998752790424368,0.6,2,qinghai,3.8333,1210.31,1415.53,1.16956,174.2,0.1742
Xining,2266.0,0.7998752790424368,0.6,2,coal,3.8333,1210.31,1415.53,1.16956,1029.1,1.0291
Xining,2266.0,0.7998752790424368,0.6,4,qinghai,3.7431,1254.4,1467.1,1.16956,180.5,0.1805
Xining,2266.0,0.7998752790424368,0.6,4,coal,3.7431,1254.4,1467.1,1.16956,1066.4,1.0664
Xining,2266.0,0.7998752790424368,0.6,8,qinghai,3.6823,1274.84,1491.01,1.16956,183.4,0.1834
Xining,2266.0,0.7998752790424368,0.6,8,coal,3.6823,1274.84,1491.01,1.16956,1083.6,1.0836
Xining,2266.0,0.7998752790424368,0.6,16,qinghai,3.648,1284.67,1502.49,1.16956,184.8,0.1848
Xining,2266.0,0.7998752790424368,0.6,16,coal,3.648,1284.67,1502.49,1.16956,1091.8,1.0918
Xining,2266.0,0.7998752790424368,0.6,32,qinghai,3.6299,1289.48,1508.12,1.16956,185.5,0.1855
Xining,2266.0,0.7998752790424368,0.6,32,coal,3.6299,1289.48,1508.12,1.16956,1095.9,1.0959
Xining,2266.0,0.7998752790424368,0.6,64,qinghai,3.6206,1291.86,1510.9,1.16956,185.8,0.1858
Xining,2266.0,0.7998752790424368,0.6,64,coal,3.6206,1291.86,1510.9,1.16956,1097.8,1.0978
Xining,2266.0,0.7998752790424368,0.8,1,qinghai,3.8889,1109.33,1274.64,1.14901,156.8,0.1568
Xining,2266.0,0.7998752790424368,0.8,1,coal,3.8889,1109.33,1274.64,1.14901,926.8,0.9268
Xining,2266.0,0.7998752790424368,0.8,2,qinghai,3.8333,1210.31,1390.66,1.14901,171.1,0.1711
Xining,2266.0,0.7998752790424368,0.8,2,coal,3.8333,1210.31,1390.66,1.14901,1011.1,1.0111
Xining,2266.0,0.7998752790424368,0.8,4,qinghai,3.7431,1254.4,1441.32,1.14901,177.3,0.1773
Xining,2266.0,0.7998752790424368,0.8,4,coal,3.7431,1254.4,1441.32,1.14901,1047.6,1.0476
Xining,2266.0,0.7998752790424368,0.8,8,qinghai,3.6823,1274.84,1464.81,1.14901,180.2,0.1802
Xining,2266.0,0.7998752790424368,0.8,8,coal,3.6823,1274.84,1464.81,1.14901,1064.5,1.0645
Xining,2266.0,0.7998752790424368,0.8,16,qinghai,3.648,1284.67,1476.1,1.14901,181.6,0.1816
Xining,2266.0,0.7998752790424368,0.8,16,coal,3.648,1284.67,1476.1,1.14901,1072.6,1.0726
Xining,2266.0,0.7998752790424368,0.8,32,qinghai,3.6299,1289.48,1481.63,1.14901,182.2,0.1822
Xining,2266.0,0.7998752790424368,0.8,32,coal,3.6299,1289.48,1481.63,1.14901,1076.6,1.0766
Xining,2266.0,0.7998752790424368,0.8,64,qinghai,3.6206,1291.86,1484.36,1.14901,182.6,0.1826
Xining,2266.0,0.7998752790424368,0.8,64,coal,3.6206,1291.86,1484.36,1.14901,1078.6,1.0786
Xining,2266.0,0.7998752790424368,0.9,1,qinghai,3.8889,1109.33,1263.24,1.13874,155.4,0.1554
Xining,2266.0,0.7998752790424368,0.9,1,coal,3.8889,1109.33,1263.24,1.13874,918.5,0.9185
Xining,2266.0,0.7998752790424368,0.9,2,qinghai,3.8333,1210.31,1378.23,1.13874,169.6,0.1696
Xining,2266.0,0.7998752790424368,0.9,2,coal,3.8333,1210.31,1378.23,1.13874,1002.0,1.002
Xining,2266.0,0.7998752790424368,0.9,4,qinghai,3.7431,1254.4,1428.43,1.13874,175.7,0.1757
Xining,2266.0,0.7998752790424368,0.9,4,coal,3.7431,1254.4,1428.43,1.13874,1038.3,1.0383
Xining,2266.0,0.7998752790424368,0.9,8,qinghai,3.6823,1274.84,1451.71,1.13874,178.6,0.1786
Xining,2266.0,0.7998752790424368,0.9,8,coal,3.6823,1274.84,1451.71,1.13874,1055.0,1.055
Xining,2266.0,0.7998752790424368,0.9,16,qinghai,3.648,1284.67,1462.9,1.13874,179.9,0.1799
Xining,2266.0,0.7998752790424368,0.9,16,coal,3.648,1284.67,1462.9,1.13874,1063.0,1.063
Xining,2266.0,0.7998752790424368,0.9,32,qinghai,3.6299,1289.48,1468.38,1.13874,180.6,0.1806
Xining,2266.0,0.7998752790424368,0.9,32,coal,3.6299,1289.48,1468.38,1.13874,1067.0,1.067
Xining,2266.0,0.7998752790424368,0.9,64,qinghai,3.6206,1291.86,1471.09,1.13874,180.9,0.1809
Xining,2266.0,0.7998752790424368,0.9,64,coal,3.6206,1291.86,1471.09,1.13874,1068.9,1.0689
Xining,2266.0,0.7998752790424368,0.96,1,qinghai,3.8889,1109.33,1256.4,1.13257,154.6,0.1546
Xining,2266.0,0.7998752790424368,0.96,1,coal,3.8889,1109.33,1256.4,1.13257,913.6,0.9136
Xining,2266.0,0.7998752790424368,0.96,2,qinghai,3.8333,1210.31,1370.77,1.13257,168.6,0.1686
Xining,2266.0,0.7998752790424368,0.96,2,coal,3.8333,1210.31,1370.77,1.13257,996.6,0.9966
Xining,2266.0,0.7998752790424368,0.96,4,qinghai,3.7431,1254.4,1420.7,1.13257,174.8,0.1748
Xining,2266.0,0.7998752790424368,0.96,4,coal,3.7431,1254.4,1420.7,1.13257,1032.7,1.0327
Xining,2266.0,0.7998752790424368,0.96,8,qinghai,3.6823,1274.84,1443.86,1.13257,177.6,0.1776
Xining,2266.0,0.7998752790424368,0.96,8,coal,3.6823,1274.84,1443.86,1.13257,1049.3,1.0493
Xining,2266.0,0.7998752790424368,0.96,16,qinghai,3.648,1284.67,1454.98,1.13257,179.0,0.179
Xining,2266.0,0.7998752790424368,0.96,16,coal,3.648,1284.67,1454.98,1.13257,1057.3,1.0573
Xining,2266.0,0.7998752790424368,0.96,32,qinghai,3.6299,1289.48,1460.43,1.13257,179.6,0.1796
Xining,2266.0,0.7998752790424368,0.96,32,coal,3.6299,1289.48,1460.43,1.13257,1061.2,1.0612
Xining,2266.0,0.7998752790424368,0.96,64,qinghai,3.6206,1291.86,1463.12,1.13257,180.0,0.18
Xining,2266.0,0.7998752790424368,0.96,64,coal,3.6206,1291.86,1463.12,1.13257,1063.1,1.0631
Xining,2266.0,0.7998752790424368,1.0,1,qinghai,3.8889,1109.33,1251.84,1.12846,154.0,0.154
Xining,2266.0,0.7998752790424368,1.0,1,coal,3.8889,1109.33,1251.84,1.12846,910.3,0.9103
Xining,2266.0,0.7998752790424368,1.0,2,qinghai,3.8333,1210.31,1365.79,1.12846,168.0,0.168
Xining,2266.0,0.7998752790424368,1.0,2,coal,3.8333,1210.31,1365.79,1.12846,993.0,0.993
Xining,2266.0,0.7998752790424368,1.0,4,qinghai,3.7431,1254.4,1415.55,1.12846,174.1,0.1741
Xining,2266.0,0.7998752790424368,1.0,4,coal,3.7431,1254.4,1415.55,1.12846,1028.9,1.0289
Xining,2266.0,0.7998752790424368,1.0,8,qinghai,3.6823,1274.84,1438.62,1.12846,177.0,0.177
Xining,2266.0,0.7998752790424368,1.0,8,coal,3.6823,1274.84,1438.62,1.12846,1045.5,1.0455
Xining,2266.0,0.7998752790424368,1.0,16,qinghai,3.648,1284.67,1449.7,1.12846,178.3,0.1783
Xining,2266.0,0.7998752790424368,1.0,16,coal,3.648,1284.67,1449.7,1.12846,1053.5,1.0535
Xining,2266.0,0.7998752790424368,1.0,32,qinghai,3.6299,1289.48,1455.13,1.12846,179.0,0.179
Xining,2266.0,0.7998752790424368,1.0,32,coal,3.6299,1289.48,1455.13,1.12846,1057.3,1.0573
Xining,2266.0,0.7998752790424368,1.0,64,qinghai,3.6206,1291.86,1457.82,1.12846,179.3,0.1793
Xining,2266.0,0.7998752790424368,1.0,64,coal,3.6206,1291.86,1457.82,1.12846,1059.3,1.0593
Beijing,35.4,0.996605913780471,0.6,1,qinghai,3.8889,1109.33,1275.83,1.15009,157.0,0.157
Beijing,35.4,0.996605913780471,0.6,1,coal,3.8889,1109.33,1275.83,1.15009,927.7,0.9277
Beijing,35.4,0.996605913780471,0.6,2,qinghai,3.8333,1210.31,1391.98,1.1501,171.3,0.1713
Beijing,35.4,0.996605913780471,0.6,2,coal,3.8333,1210.31,1391.98,1.1501,1012.0,1.012
Beijing,35.4,0.996605913780471,0.6,4,qinghai,3.7431,1254.4,1442.72,1.15013,177.5,0.1775
Beijing,35.4,0.996605913780471,0.6,4,coal,3.7431,1254.4,1442.72,1.15013,1048.7,1.0487
Beijing,35.4,0.996605913780471,0.6,8,qinghai,3.6823,1274.84,1466.26,1.15015,180.4,0.1804
Beijing,35.4,0.996605913780471,0.6,8,coal,3.6823,1274.84,1466.26,1.15015,1065.6,1.0656
Beijing,35.4,0.996605913780471,0.6,16,qinghai,3.648,1284.67,1477.57,1.15016,181.7,0.1817
Beijing,35.4,0.996605913780471,0.6,16,coal,3.648,1284.67,1477.57,1.15016,1073.7,1.0737
Beijing,35.4,0.996605913780471,0.6,32,qinghai,3.6299,1289.48,1483.11,1.15016,182.4,0.1824
Beijing,35.4,0.996605913780471,0.6,32,coal,3.6299,1289.48,1483.11,1.15016,1077.7,1.0777
Beijing,35.4,0.996605913780471,0.6,64,qinghai,3.6206,1291.86,1485.85,1.15017,182.8,0.1828
Beijing,35.4,0.996605913780471,0.6,64,coal,3.6206,1291.86,1485.85,1.15017,1079.6,1.0796
Beijing,35.4,0.996605913780471,0.8,1,qinghai,3.8889,1109.33,1261.94,1.13757,155.3,0.1553
Beijing,35.4,0.996605913780471,0.8,1,coal,3.8889,1109.33,1261.94,1.13757,917.6,0.9176
Beijing,35.4,0.996605913780471,0.8,2,qinghai,3.8333,1210.31,1376.82,1.13758,169.4,0.1694
Beijing,35.4,0.996605913780471,0.8,2,coal,3.8333,1210.31,1376.82,1.13758,1001.0,1.001
Beijing,35.4,0.996605913780471,0.8,4,qinghai,3.7431,1254.4,1426.99,1.13759,175.5,0.1755
Beijing,35.4,0.996605913780471,0.8,4,coal,3.7431,1254.4,1426.99,1.13759,1037.2,1.0372
Beijing,35.4,0.996605913780471,0.8,8,qinghai,3.6823,1274.84,1450.26,1.1376,178.4,0.1784
Beijing,35.4,0.996605913780471,0.8,8,coal,3.6823,1274.84,1450.26,1.1376,1054.0,1.054
Beijing,35.4,0.996605913780471,0.8,16,qinghai,3.648,1284.67,1461.44,1.1376,179.8,0.1798
Beijing,35.4,0.996605913780471,0.8,16,coal,3.648,1284.67,1461.44,1.1376,1062.0,1.062
Beijing,35.4,0.996605913780471,0.8,32,qinghai,3.6299,1289.48,1466.92,1.13761,180.4,0.1804
Beijing,35.4,0.996605913780471,0.8,32,coal,3.6299,1289.48,1466.92,1.13761,1065.9,1.0659
Beijing,35.4,0.996605913780471,0.8,64,qinghai,3.6206,1291.86,1469.63,1.13761,180.8,0.1808
Beijing,35.4,0.996605913780471,0.8,64,coal,3.6206,1291.86,1469.63,1.13761,1067.9,1.0679
Beijing,35.4,0.996605913780471,0.9,1,qinghai,3.8889,1109.33,1255.0,1.13131,154.4,0.1544
Beijing,35.4,0.996605913780471,0.9,1,coal,3.8889,1109.33,1255.0,1.13131,912.6,0.9126
Beijing,35.4,0.996605913780471,0.9,2,qinghai,3.8333,1210.31,1369.24,1.13131,168.5,0.1685
Beijing,35.4,0.996605913780471,0.9,2,coal,3.8333,1210.31,1369.24,1.13131,995.5,0.9955
Beijing,35.4,0.996605913780471,0.9,4,qinghai,3.7431,1254.4,1419.13,1.13132,174.6,0.1746
Beijing,35.4,0.996605913780471,0.9,4,coal,3.7431,1254.4,1419.13,1.13132,1031.5,1.0315
Beijing,35.4,0.996605913780471,0.9,8,qinghai,3.6823,1274.84,1442.26,1.13133,177.4,0.1774
Beijing,35.4,0.996605913780471,0.9,8,coal,3.6823,1274.84,1442.26,1.13133,1048.2,1.0482
Beijing,35.4,0.996605913780471,0.9,16,qinghai,3.648,1284.67,1453.38,1.13133,178.8,0.1788
Beijing,35.4,0.996605913780471,0.9,16,coal,3.648,1284.67,1453.38,1.13133,1056.1,1.0561
Beijing,35.4,0.996605913780471,0.9,32,qinghai,3.6299,1289.48,1458.82,1.13133,179.4,0.1794
Beijing,35.4,0.996605913780471,0.9,32,coal,3.6299,1289.48,1458.82,1.13133,1060.0,1.06
Beijing,35.4,0.996605913780471,0.9,64,qinghai,3.6206,1291.86,1461.52,1.13133,179.8,0.1798
Beijing,35.4,0.996605913780471,0.9,64,coal,3.6206,1291.86,1461.52,1.13133,1062.0,1.062
Beijing,35.4,0.996605913780471,0.96,1,qinghai,3.8889,1109.33,1250.83,1.12755,153.9,0.1539
Beijing,35.4,0.996605913780471,0.96,1,coal,3.8889,1109.33,1250.83,1.12755,909.5,0.9095
Beijing,35.4,0.996605913780471,0.96,2,qinghai,3.8333,1210.31,1364.69,1.12756,167.9,0.1679
Beijing,35.4,0.996605913780471,0.96,2,coal,3.8333,1210.31,1364.69,1.12756,992.2,0.9922
Beijing,35.4,0.996605913780471,0.96,4,qinghai,3.7431,1254.4,1414.41,1.12756,174.0,0.174
Beijing,35.4,0.996605913780471,0.96,4,coal,3.7431,1254.4,1414.41,1.12756,1028.1,1.0281
Beijing,35.4,0.996605913780471,0.96,8,qinghai,3.6823,1274.84,1437.46,1.12756,176.8,0.1768
Beijing,35.4,0.996605913780471,0.96,8,coal,3.6823,1274.84,1437.46,1.12756,1044.7,1.0447
Beijing,35.4,0.996605913780471,0.96,16,qinghai,3.648,1284.67,1448.54,1.12756,178.2,0.1782
Beijing,35.4,0.996605913780471,0.96,16,coal,3.648,1284.67,1448.54,1.12756,1052.6,1.0526
Beijing,35.4,0.996605913780471,0.96,32,qinghai,3.6299,1289.48,1453.97,1.12756,178.8,0.1788
Beijing,35.4,0.996605913780471,0.96,32,coal,3.6299,1289.48,1453.97,1.12756,1056.5,1.0565
Beijing,35.4,0.996605913780471,0.96,64,qinghai,3.6206,1291.86,1456.65,1.12756,179.2,0.1792
Beijing,35.4,0.996605913780471,0.96,64,coal,3.6206,1291.86,1456.65,1.12756,1058.4,1.0584
Beijing,35.4,0.996605913780471,1.0,1,qinghai,3.8889,1109.33,1248.06,1.12505,153.6,0.1536
Beijing,35.4,0.996605913780471,1.0,1,coal,3.8889,1109.33,1248.06,1.12505,907.5,0.9075
Beijing,35.4,0.996605913780471,1.0,2,qinghai,3.8333,1210.31,1361.66,1.12505,167.5,0.1675
Beijing,35.4,0.996605913780471,1.0,2,coal,3.8333,1210.31,1361.66,1.12505,990.0,0.99
Beijing,35.4,0.996605913780471,1.0,4,qinghai,3.7431,1254.4,1411.26,1.12505,173.6,0.1736
Beijing,35.4,0.996605913780471,1.0,4,coal,3.7431,1254.4,1411.26,1.12505,1025.8,1.0258
Beijing,35.4,0.996605913780471,1.0,8,qinghai,3.6823,1274.84,1434.27,1.12505,176.4,0.1764
Beijing,35.4,0.996605913780471,1.0,8,coal,3.6823,1274.84,1434.27,1.12505,1042.3,1.0423
Beijing,35.4,0.996605913780471,1.0,16,qinghai,3.648,1284.67,1445.32,1.12505,177.8,0.1778
Beijing,35.4,0.996605913780471,1.0,16,coal,3.648,1284.67,1445.32,1.12505,1050.3,1.0503
Beijing,35.4,0.996605913780471,1.0,32,qinghai,3.6299,1289.48,1450.73,1.12505,178.4,0.1784
Beijing,35.4,0.996605913780471,1.0,32,coal,3.6299,1289.48,1450.73,1.12505,1054.1,1.0541
Beijing,35.4,0.996605913780471,1.0,64,qinghai,3.6206,1291.86,1453.41,1.12505,178.8,0.1788
Beijing,35.4,0.996605913780471,1.0,64,coal,3.6206,1291.86,1453.41,1.12505,1056.1,1.0561
Shanghai,3.0,0.9997120231217516,0.6,1,qinghai,3.8889,1109.33,1281.15,1.15489,157.6,0.1576
Shanghai,3.0,0.9997120231217516,0.6,1,coal,3.8889,1109.33,1281.15,1.15489,931.6,0.9316
Shanghai,3.0,0.9997120231217516,0.6,2,qinghai,3.8333,1210.31,1397.78,1.15489,172.0,0.172
Shanghai,3.0,0.9997120231217516,0.6,2,coal,3.8333,1210.31,1397.78,1.15489,1016.2,1.0162
Shanghai,3.0,0.9997120231217516,0.6,4,qinghai,3.7431,1254.4,1448.71,1.15491,178.2,0.1782
Shanghai,3.0,0.9997120231217516,0.6,4,coal,3.7431,1254.4,1448.71,1.15491,1053.0,1.053
Shanghai,3.0,0.9997120231217516,0.6,8,qinghai,3.6823,1274.84,1472.34,1.15492,181.1,0.1811
Shanghai,3.0,0.9997120231217516,0.6,8,coal,3.6823,1274.84,1472.34,1.15492,1070.0,1.07
Shanghai,3.0,0.9997120231217516,0.6,16,qinghai,3.648,1284.67,1483.69,1.15492,182.5,0.1825
Shanghai,3.0,0.9997120231217516,0.6,16,coal,3.648,1284.67,1483.69,1.15492,1078.2,1.0782
Shanghai,3.0,0.9997120231217516,0.6,32,qinghai,3.6299,1289.48,1489.25,1.15492,183.2,0.1832
Shanghai,3.0,0.9997120231217516,0.6,32,coal,3.6299,1289.48,1489.25,1.15492,1082.1,1.0821
Shanghai,3.0,0.9997120231217516,0.6,64,qinghai,3.6206,1291.86,1492.0,1.15493,183.5,0.1835
Shanghai,3.0,0.9997120231217516,0.6,64,coal,3.6206,1291.86,1492.0,1.15493,1084.1,1.0841
Shanghai,3.0,0.9997120231217516,0.8,1,qinghai,3.8889,1109.33,1264.58,1.13994,155.6,0.1556
Shanghai,3.0,0.9997120231217516,0.8,1,coal,3.8889,1109.33,1264.58,1.13994,919.5,0.9195
Shanghai,3.0,0.9997120231217516,0.8,2,qinghai,3.8333,1210.31,1379.69,1.13995,169.7,0.1697
Shanghai,3.0,0.9997120231217516,0.8,2,coal,3.8333,1210.31,1379.69,1.13995,1003.1,1.0031
Shanghai,3.0,0.9997120231217516,0.8,4,qinghai,3.7431,1254.4,1429.96,1.13996,175.9,0.1759
Shanghai,3.0,0.9997120231217516,0.8,4,coal,3.7431,1254.4,1429.96,1.13996,1039.4,1.0394
Shanghai,3.0,0.9997120231217516,0.8,8,qinghai,3.6823,1274.84,1453.27,1.13996,178.8,0.1788
Shanghai,3.0,0.9997120231217516,0.8,8,coal,3.6823,1274.84,1453.27,1.13996,1056.2,1.0562
Shanghai,3.0,0.9997120231217516,0.8,16,qinghai,3.648,1284.67,1464.47,1.13996,180.1,0.1801
Shanghai,3.0,0.9997120231217516,0.8,16,coal,3.648,1284.67,1464.47,1.13996,1064.2,1.0642
Shanghai,3.0,0.9997120231217516,0.8,32,qinghai,3.6299,1289.48,1469.96,1.13996,180.8,0.1808
Shanghai,3.0,0.9997120231217516,0.8,32,coal,3.6299,1289.48,1469.96,1.13996,1068.1,1.0681
Shanghai,3.0,0.9997120231217516,0.8,64,qinghai,3.6206,1291.86,1472.67,1.13996,181.1,0.1811
Shanghai,3.0,0.9997120231217516,0.8,64,coal,3.6206,1291.86,1472.67,1.13996,1070.1,1.0701
Shanghai,3.0,0.9997120231217516,0.9,1,qinghai,3.8889,1109.33,1256.29,1.13247,154.6,0.1546
Shanghai,3.0,0.9997120231217516,0.9,1,coal,3.8889,1109.33,1256.29,1.13247,913.5,0.9135
Shanghai,3.0,0.9997120231217516,0.9,2,qinghai,3.8333,1210.31,1370.65,1.13248,168.6,0.1686
Shanghai,3.0,0.9997120231217516,0.9,2,coal,3.8333,1210.31,1370.65,1.13248,996.5,0.9965
Shanghai,3.0,0.9997120231217516,0.9,4,qinghai,3.7431,1254.4,1420.58,1.13248,174.8,0.1748
Shanghai,3.0,0.9997120231217516,0.9,4,coal,3.7431,1254.4,1420.58,1.13248,1032.6,1.0326
Shanghai,3.0,0.9997120231217516,0.9,8,qinghai,3.6823,1274.84,1443.74,1.13248,177.6,0.1776
Shanghai,3.0,0.9997120231217516,0.9,8,coal,3.6823,1274.84,1443.74,1.13248,1049.2,1.0492
Shanghai,3.0,0.9997120231217516,0.9,16,qinghai,3.648,1284.67,1454.86,1.13248,179.0,0.179
Shanghai,3.0,0.9997120231217516,0.9,16,coal,3.648,1284.67,1454.86,1.13248,1057.2,1.0572
Shanghai,3.0,0.9997120231217516,0.9,32,qinghai,3.6299,1289.48,1460.31,1.13248,179.6,0.1796
Shanghai,3.0,0.9997120231217516,0.9,32,coal,3.6299,1289.48,1460.31,1.13248,1061.1,1.0611
Shanghai,3.0,0.9997120231217516,0.9,64,qinghai,3.6206,1291.86,1463.01,1.13248,179.9,0.1799
Shanghai,3.0,0.9997120231217516,0.9,64,coal,3.6206,1291.86,1463.01,1.13248,1063.0,1.063
Shanghai,3.0,0.9997120231217516,0.96,1,qinghai,3.8889,1109.33,1251.32,1.12799,154.0,0.154
Shanghai,3.0,0.9997120231217516,0.96,1,coal,3.8889,1109.33,1251.32,1.12799,909.9,0.9099
Shanghai,3.0,0.9997120231217516,0.96,2,qinghai,3.8333,1210.31,1365.22,1.12799,168.0,0.168
Shanghai,3.0,0.9997120231217516,0.96,2,coal,3.8333,1210.31,1365.22,1.12799,992.6,0.9926
Shanghai,3.0,0.9997120231217516,0.96,4,qinghai,3.7431,1254.4,1414.96,1.12799,174.1,0.1741
Shanghai,3.0,0.9997120231217516,0.96,4,coal,3.7431,1254.4,1414.96,1.12799,1028.5,1.0285
Shanghai,3.0,0.9997120231217516,0.96,8,qinghai,3.6823,1274.84,1438.02,1.128,176.9,0.1769
Shanghai,3.0,0.9997120231217516,0.96,8,coal,3.6823,1274.84,1438.02,1.128,1045.1,1.0451
Shanghai,3.0,0.9997120231217516,0.96,16,qinghai,3.648,1284.67,1449.1,1.128,178.2,0.1782
Shanghai,3.0,0.9997120231217516,0.96,16,coal,3.648,1284.67,1449.1,1.128,1053.0,1.053
Shanghai,3.0,0.9997120231217516,0.96,32,qinghai,3.6299,1289.48,1454.53,1.128,178.9,0.1789
Shanghai,3.0,0.9997120231217516,0.96,32,coal,3.6299,1289.48,1454.53,1.128,1056.9,1.0569
Shanghai,3.0,0.9997120231217516,0.96,64,qinghai,3.6206,1291.86,1457.21,1.128,179.2,0.1792
Shanghai,3.0,0.9997120231217516,0.96,64,coal,3.6206,1291.86,1457.21,1.128,1058.8,1.0588
Shanghai,3.0,0.9997120231217516,1.0,1,qinghai,3.8889,1109.33,1248.0,1.125,153.6,0.1536
Shanghai,3.0,0.9997120231217516,1.0,1,coal,3.8889,1109.33,1248.0,1.125,907.5,0.9075
Shanghai,3.0,0.9997120231217516,1.0,2,qinghai,3.8333,1210.31,1361.61,1.125,167.5,0.1675
Shanghai,3.0,0.9997120231217516,1.0,2,coal,3.8333,1210.31,1361.61,1.125,989.9,0.9899
Shanghai,3.0,0.9997120231217516,1.0,4,qinghai,3.7431,1254.4,1411.21,1.125,173.6,0.1736
Shanghai,3.0,0.9997120231217516,1.0,4,coal,3.7431,1254.4,1411.21,1.125,1025.8,1.0258
Shanghai,3.0,0.9997120231217516,1.0,8,qinghai,3.6823,1274.84,1434.21,1.125,176.4,0.1764
Shanghai,3.0,0.9997120231217516,1.0,8,coal,3.6823,1274.84,1434.21,1.125,1042.3,1.0423
Shanghai,3.0,0.9997120231217516,1.0,16,qinghai,3.648,1284.67,1445.26,1.125,177.8,0.1778
Shanghai,3.0,0.9997120231217516,1.0,16,coal,3.648,1284.67,1445.26,1.125,1050.2,1.0502
Shanghai,3.0,0.9997120231217516,1.0,32,qinghai,3.6299,1289.48,1450.67,1.125,178.4,0.1784
Shanghai,3.0,0.9997120231217516,1.0,32,coal,3.6299,1289.48,1450.67,1.125,1054.1,1.0541
Shanghai,3.0,0.9997120231217516,1.0,64,qinghai,3.6206,1291.86,1453.35,1.125,178.8,0.1788
Shanghai,3.0,0.9997120231217516,1.0,64,coal,3.6206,1291.86,1453.35,1.125,1056.0,1.056
